,succeedpage_num
0,295
1,294
2,293
3,292
4,291
5,290
6,289
7,288
8,287
9,286
10,285
11,284
12,283
13,282
14,281
15,280
16,279
17,278
18,277
19,276
20,275
21,274
22,273
23,272
24,271
25,270
26,269
27,268
28,267
29,266
30,265
31,264
32,263
33,262
34,261
35,260
36,259
37,258
38,257
39,256
40,255
41,254
42,253
43,252
44,251
45,250
46,249
47,248
48,247
49,246
50,245
51,244
52,243
53,242
54,241
55,240
56,239
57,238
58,237
59,236
60,235
61,234
62,233
63,232
64,231
65,230
66,229
67,228
68,227
69,226
70,225
71,224
72,223
73,222
74,221
75,220
76,219
77,218
78,217
79,216
80,215
81,214
